{
    "timings": [
        10,
        10,
        10,
        10
    ],
    "fitness": 97.94954471951833,
    "low": {
        "fitness": 83.86596194503171,
        "avg_wait": 39.56363636363636,
        "queue": 21,
        "passed": 22,
        "stops": 30
    },
    "medium": {
        "fitness": 105.24003152088258,
        "avg_wait": 42.97407407407408,
        "queue": 67,
        "passed": 27,
        "stops": 39
    },
    "high": {
        "fitness": 104.74264069264069,
        "avg_wait": 41.42121212121212,
        "queue": 79,
        "passed": 33,
        "stops": 42
    }
}